Column1,Column3,Column2,Column4
1,Algeria,Algiers,ALG
2,Argentina,Cordoba,COR
3,Argentina,Neuquen,NQN
4,Argentina,Trelew,REL
5,Argentina,Ushuaia,USH
6,Armenia,Yerevan,EVN
7,Aruba,Aruba,AUA
8,Australia,Adelaide,ADL
9,Australia,Ballina,BNK
10,Australia,Melbourne,MEL
11,Australia,Sydney,SYD
12,Austria,Graz,GRZ
13,Austria,Vienna,VIE
14,Azerbaijan,Baku,GYD
15,Bahamas,Nassau,NAS
16,Bahrain,Bahrain,BAH
17,Bangladesh,Dhaka,DAC
18,Belgium,Antwerp,ZWE
19,Belgium,Brussels,BRU
20,Bermuda,Bermuda,BDA
21,Bonaire,Bonaire,BON
22,Brazil,Aracaju,AJU
23,Brazil,Belem,BEL
24,Brazil,Fortaleza,FOR
25,Canada,Calgary,YYC
26,Canada,Edmonton,YEG
27,Canada,Montreal,YUL
28,Canada,Ottawa,YOW
29,Canada,Toronto,YYZ
30,Canada,Vancouver,YVR
31,Canada,Victoria,YYJ
32,Chile,Santiago,SCL
33,China,Aksu,AKU
34,China,Altay,AAT
35,China,Anqing,AQG
36,China,Anshan,AOG
37,China,Baise,AEB
38,China,Baishan,NBS
39,China,Baoshan,BSD
40,China,Baotou,BAV
41,China,Beihai,BHY
42,China,Beijing,PEK
43,China,Bijie,BFJ
44,China,Bole,BPL
45,China,Changchun,CGQ
46,China,Changde,CGD
47,China,Changsha,CSX
48,China,Changzhou,CZX
49,China,Chengdu,CTU
50,China,Chongqing,CKG
51,China,Dali,DLU
52,China,Dalian,DLC
53,China,Daqing,DQA
54,China,Dongying,DOY
55,China,Enshi,ENH
56,China,Fuzhou,FOC
57,China,Ganzhou,KOW
58,China,Guangzhou,CAN
59,China,Guilin,KWL
60,China,Guiyang,KWE
61,China,Haikou,HAK
62,China,Hangzhou,HGH
63,China,Harbin,HRB
64,China,Hefei,HFE
65,China,Heihe,HEK
66,China,Hotan,HTN
67,China,Jiagedaqi,JGD
68,China,Jiayuguan,JGN
69,China,Jinghong,JHG
70,China,Jining,JNG
71,China,Kashi,KHG
72,China,Korla,KRL
73,China,Kunming,KMG
74,China,Lanzhou,LHW
75,China,Lianyungang,LYG
76,China,Linyi,LYI
77,China,Luliang,LLV
78,China,Luoyang,LYA
79,China,Mangshi,LUM
80,China,Mohe,OHE
81,China,Nanchang,KHN
82,China,Nanchong,NAO
83,China,Nanjing,NKG
84,China,Nanning,NNG
85,China,Ningbo,NGB
86,China,Qianjiang,JIQ
87,China,Qingdao,TAO
88,China,Quanzhou,JJN
89,China,Sanya,SYX
90,China,Shanghai,PVG
91,China,Shanghai,SHA
92,China,Shantou,SWA
93,China,Shenyang,SHE
94,China,Shenzhen,SZX
95,China,Simao,SYM
96,China,Taiyuan,TYN
97,China,Tengchong,TCZ
98,China,Tongren,TEN
99,China,Urumqi,URC
100,China,Wenzhou,WNZ
101,China,Wuhan,WUH
102,China,Wuxi,WUX
103,China,Wuyishan,WUS
104,China,Xiamen,XMN
105,China,Xian,XIY
106,China,Xining,XNN
107,China,Yanji,YNJ
108,China,Yantai,YNT
109,China,Yichun,LDS
110,China,Yinchuan,INC
111,China,Yining,YIN
112,China,Yiwu,YIW
113,China,Zhangjiajie,DYG
114,China,Zhangye,YZY
115,China,Zhanjiang,ZHA
116,China,Zhaotong,ZAT
117,China,Zhengzhou,CGO
118,China,Zhoushan,HSN
119,China,Zhuhai,ZUH
120,China,Zunyi,ZYI
121,Colombia,Bogota,BOG
122,Colombia,Cartagena,CTG
123,Croatia,Zagreb,ZAG
124,Cuba,Havana,HAV
125,Curacao,Curacao,CUR
126,Cyprus,Larnaca,LCA
127,Denmark,Aalborg,AAL
128,Denmark,Aarhus,AAR
129,Denmark,Billund,BLL
130,Denmark,Copenhagen,CPH
131,Djibouti,Djibouti,JIB
132,Ecuador,Quito,UIO
133,Egypt,Alexandria,HBE
134,Egypt,Cairo,CAI
135,Finland,Helsinki,HEL
136,France,Ajaccio,AJA
137,France,Bastia,BIA
138,France,Biarritz,BIQ
139,France,Bordeaux,BOD
140,France,Lyon,LYS
141,France,Marseille,MRS
142,France,Montpellier,MPL
143,France,Nice,NCE
144,France,Paris,ORY
145,France,Paris,CDG
146,France,Toulouse,TLS
147,Germany,Berlin,SXF
148,Germany,Berlin,TXL
149,Germany,Bremen,BRE
150,Germany,Dresden,DRS
151,Germany,Duesseldorf,DUS
152,Germany,Frankfurt,FRA
153,Germany,Hamburg,HAM
154,Germany,Hannover,HAJ
155,Germany,Munich,MUC
156,Germany,Nuremberg,NUE
157,Germany,Stuttgart,STR
158,Ghana,Accra,ACC
159,Greece,Athens,ATH
160,Haiti,Port,PAP
161,Honduras,Roatan,RTB
162,Honduras,Tegucigalpa,TGU
163,Hungary,Budapest,BUD
164,India,Ahmedabad,AMD
165,India,Bengaluru,BLR
166,India,Delhi,DEL
167,India,Mumbai,BOM
168,Indonesia,Ambon,AMQ
169,Indonesia,Balikpapan,BPN
170,Indonesia,Bandung,BDO
171,Indonesia,Banjarmasin,BDJ
172,Indonesia,Banyuwangi,BWX
173,Indonesia,Batam,BTH
174,Indonesia,Baubau,BUW
175,Indonesia,Bengkulu,BKS
176,Indonesia,Biak,BIK
177,Indonesia,Bima,BMU
178,Indonesia,Denpasar,DPS
179,Indonesia,Jakarta,CGK
180,Indonesia,Jayapura,DJJ
181,Indonesia,Kendari,KDI
182,Indonesia,Langgur,LUV
183,Indonesia,Makassar,UPG
184,Indonesia,Manokwari,MKW
185,Indonesia,Nabire,NBX
186,Indonesia,Palangkaraya,PKY
187,Indonesia,Palembang,PLM
188,Indonesia,Pontianak,PNK
189,Indonesia,Praya,LOP
190,Indonesia,Saumlaki,SXK
191,Indonesia,Sorong,SOQ
192,Indonesia,Surabaya,SUB
193,Indonesia,Tarakan,TRK
194,Indonesia,Ternate,TTE
195,Indonesia,Yogyakarta,JOG
196,Iraq,Baghdad,BGW
197,Iraq,Basrah,BSR
198,Iraq,Erbil,EBL
199,Ireland,Dublin,DUB
200,Italy,Alghero,AHO
201,Italy,Bari,BRI
202,Italy,Bologna,BLQ
203,Italy,Catania,CTA
204,Italy,Florence,FLR
205,Italy,Genoa,GOA
206,Italy,Milan,LIN
207,Italy,Milan,MXP
208,Italy,Rome,FCO
209,Italy,Trieste,TRS
210,Italy,Turin,TRN
211,Italy,Venice,VCE
212,Jamaica,Kingston,KIN
213,Japan,Akita,AXT
214,Japan,Aomori,AOJ
215,Japan,Fukuoka,FUK
216,Japan,Nagoya,NGO
217,Japan,Osaka,KIX
218,Japan,Tokyo,NRT
219,Japan,Tokyo,HND
220,Jordan,Amman,AMM
221,Kazakhstan,Aktau,SCO
222,Kazakhstan,Aktobe,AKX
223,Kazakhstan,Almaty,ALA
224,Kazakhstan,Astana,TSE
225,Kazakhstan,Atyrau,GUW
226,Kenya,Nairobi,NBO
227,Kuwait,Kuwait,KWI
228,Kyrgyzstan,Bishkek,FRU
229,Lebanon,Beirut,BEY
230,Liberia,Monrovia,ROB
231,Luxembourg,Luxembourg,LUX
232,Madagascar,Antananarivo,TNR
233,Malawi,Blantyre,BLZ
234,Mali,Bamako,BKO
235,Mauritius,Mauritius,MRU
236,Mexico,Acapulco,ACA
237,Mexico,Aguascalientes,AGU
238,Mexico,Cancun,CUN
239,Mexico,Cozumel,CZM
240,Mexico,Guadalajara,GDL
241,Mexico,Merida,MID
242,Mexico,Monterrey,MTY
243,Mexico,Queretaro,QRO
244,Morocco,Agadir,AGA
245,Netherlands,Amsterdam,AMS
246,Nicaragua,Managua,MGA
247,Nigeria,Abuja,ABV
248,Nigeria,Lagos,LOS
249,Norway,Aalesund,AES
250,Norway,Bergen,BGO
251,Norway,Kristiansand,KRS
252,Norway,Oslo,TRF
253,Norway,Oslo,OSL
254,Norway,Stavanger,SVG
255,Norway,Trondheim,TRD
256,Oman,Muscat,MCT
257,Pakistan,Lahore,LHE
258,Paraguay,Asuncion,ASU
259,Peru,Arequipa,AQP
260,Peru,Lima,LIM
261,Poland,Gdansk,GDN
262,Poland,Krakow,KRK
263,Poland,Warsaw,WAW
264,Portugal,Faro,FAO
265,Portugal,Lisbon,LIS
266,Portugal,Porto,OPO
267,Qatar,Doha,DOH
268,Romania,Bucharest,OTP
269,Russian Federation,Abakan,ABA
270,Russian Federation,Achinsk,ACS
271,Russian Federation,Aldan,ADH
272,Russian Federation,Amderma,AMV
273,Russian Federation,Anadyr,DYR
274,Russian Federation,Anapa,AAQ
275,Russian Federation,Apatity,KVK
276,Russian Federation,Arkhangelsk,ARH
277,Russian Federation,Astrakhan,ASF
278,Russian Federation,Balakovo,BWO
279,Russian Federation,Barnaul,BAX
280,Russian Federation,Batagay,BQJ
281,Russian Federation,Belaya Gora,BGN
282,Russian Federation,Belgorod,EGO
283,Russian Federation,Beloyarsky,EYK
284,Russian Federation,Beryozovo,EZV
285,Russian Federation,Blagoveshchensk,BQS
286,Russian Federation,Bodaybo,ODO
287,Russian Federation,Bogorodskoye,BQG
288,Russian Federation,Bratsk,BTK
289,Russian Federation,Bryansk,BZK
290,Russian Federation,Bugulma,UUA
291,Russian Federation,Cheboksary,CSY
292,Russian Federation,Chelyabinsk,CEK
293,Russian Federation,Cherepovets,CEE
294,Russian Federation,Chersky,CYX
295,Russian Federation,Chita,HTA
296,Russian Federation,Chokurdakh,CKH
298,Russian Federation,Deputatsky,DPT
299,Russian Federation,Dikson,DKS
300,Russian Federation,Elista,ESL
301,Russian Federation,Erbogachen,ERG
302,Russian Federation,Gelendzhik,GDZ
303,Russian Federation,Gorno-Altaysk,RGK
304,Russian Federation,Grozny,GRV
305,Russian Federation,Igarka,IAA
306,Russian Federation,Igrim,IRM
307,Russian Federation,Inta,INA
308,Russian Federation,Irkutsk,IKT
309,Russian Federation,Iturup,BVV
310,Russian Federation,Iturup,ITU
311,Russian Federation,Ivanovo,IWA
312,Russian Federation,Izhevsk,IJK
313,Russian Federation,Kaliningrad,KGD
314,Russian Federation,Kaluga,KLF
315,Russian Federation,Kazan,KZN
316,Russian Federation,Kemerovo,KEJ
318,Russian Federation,Kerch,KHC
319,Russian Federation,Khabarovsk,KHV
320,Russian Federation,Khandyga,KDY
321,Russian Federation,Khanty-Mansiysk,HMA
322,Russian Federation,Khatanga,HTG
323,Russian Federation,Khonuu,MQJ
324,Russian Federation,Kirensk,KCK
325,Russian Federation,Kirov,KVX
326,Russian Federation,Kogalym,KGP
327,Russian Federation,Komsomolsk-on-Amur,KXK
328,Russian Federation,Kostroma,KMW
329,Russian Federation,Kotlas,KSZ
330,Russian Federation,Krasnodar,KRR
331,Russian Federation,Krasnoyarsk,CER
332,Russian Federation,Krasnoyarsk,KJA
333,Russian Federation,Kurgan,KRO
334,Russian Federation,Kursk,URS
335,Russian Federation,Kyzyl,KYZ
336,Russian Federation,Lensk,ULK
337,Russian Federation,Leshukonskoye,LDG
338,Russian Federation,Lipetsk,LPK
339,Russian Federation,Magadan,GDX
340,Russian Federation,Magan,GYG
342,Russian Federation,Magdagachi,GDG
343,Russian Federation,Magnitogorsk,MQF
344,Russian Federation,Makhachkala,MCX
345,Russian Federation,Markovo,KVM
346,Russian Federation,Mineralnye Vody,MRV
347,Russian Federation,Mirny,MJZ
348,Russian Federation,Moscow,BKA
349,Russian Federation,Moscow,CKL
350,Russian Federation,Moscow,DME
351,Russian Federation,Moscow,OSF
352,Russian Federation,Moscow,SVO
353,Russian Federation,Moscow,VKO
354,Russian Federation,Moscow,ZIA
355,Russian Federation,Murmansk,MMK
356,Russian Federation,Nadym,NYM
357,Russian Federation,Nalchik,NAL
358,Russian Federation,Naryan-Mar,NNM
359,Russian Federation,Neftekamsk,NEF
360,Russian Federation,Nefteyugansk,NFG
361,Russian Federation,Nikolayevsk-on-Amur,NLI
362,Russian Federation,Nizhnekamsk/Naberezhnye Chelny,NBC
363,Russian Federation,Nizhnevartovsk,NJC
364,Russian Federation,Nizhny Novgorod,GOJ
365,Russian Federation,Nogliki,NGK
366,Russian Federation,Norilsk,NSK
367,Russian Federation,Novokuznetsk,NOZ
368,Russian Federation,Novosibirsk,OVB
369,Russian Federation,Novy Urengoy,NUX
370,Russian Federation,Noyabrsk,NOJ
371,Russian Federation,Nyagan,NYA
372,Russian Federation,Nyurba,NYR
373,Russian Federation,Okha,OHH
374,Russian Federation,Okhotsk,OHO
375,Russian Federation,Oktyabrsky,OKT
376,Russian Federation,Olenyok,ONK
377,Russian Federation,Olyokminsk,OLZ
378,Russian Federation,Omsk,OMS
379,Russian Federation,Orenburg,REN
380,Russian Federation,Orsk,OSW
381,Russian Federation,Oryol,OEL
382,Russian Federation,Pechora,PEX
383,Russian Federation,Penza,PEZ
384,Russian Federation,Perm,PEE
385,Russian Federation,Petropavlovsk-Kamchatsky,PKC
386,Russian Federation,Petrozavodsk,PES
387,Russian Federation,Pevek,PWE
389,Russian Federation,Provideniya,PVS
390,Russian Federation,Pskov,PKV
391,Russian Federation,Raduzhny,RAT
392,Russian Federation,Rostov on Don,RVI
393,Russian Federation,Rostov-on-Don,ROV
394,Russian Federation,Ryazan,RZN
395,Russian Federation,Rybinsk,RYB
396,Russian Federation,Sabetta,SBT
397,Russian Federation,Saint Petersburg,LED
398,Russian Federation,Saint Petersburg,RVH
400,Russian Federation,Salekhard,SLY
401,Russian Federation,Samara,KUF
402,Russian Federation,Saransk,SKX
403,Russian Federation,Saratov,GSV
404,Russian Federation,Saratov,RTW
405,Russian Federation,Saskylakh,SYS
406,Russian Federation,Sevastopol,UKS
407,Russian Federation,Severo-Evensk,SWV
408,Russian Federation,Shakhtyorsk,EKS
409,Russian Federation,Simferopol,SIP
410,Russian Federation,Smolensk,LNX
411,Russian Federation,Sochi,AER
412,Russian Federation,Solovetsky Islands,CSH
413,Russian Federation,Sovetsky,OVS
414,Russian Federation,Srednekolymsk,SEK
415,Russian Federation,Stavropol,STW
416,Russian Federation,Strezhevoy,SWT
417,Russian Federation,Surgut,SGC
418,Russian Federation,Syktyvkar,SCW
419,Russian Federation,Taganrog,TGK
421,Russian Federation,Tambov,TBW
422,Russian Federation,Tarko-Sale,TQL
423,Russian Federation,Tiksi,IKS
424,Russian Federation,Tomsk,TOF
425,Russian Federation,Turukhansk,THX
426,Russian Federation,Tver,KLD
427,Russian Federation,Tymovskoye,ZZO
428,Russian Federation,Tynda,TYD
429,Russian Federation,Tyumen,TJM
430,Russian Federation,Udachny,PYJ
431,Russian Federation,Ufa,UFA
432,Russian Federation,Ukhta,UCT
433,Russian Federation,Ulan-Ude,UUD
434,Russian Federation,Ulyanovsk,ULV
435,Russian Federation,Ulyanovsk,ULY
436,Russian Federation,Uray,URJ
437,Russian Federation,Urengoy,UEN
438,Russian Federation,Usinsk,USK
439,Russian Federation,Ust-Ilimsk,UIK
440,Russian Federation,Ust-Kut,UKX
441,Russian Federation,Ust-Kuyga,UKG
442,Russian Federation,Ust-Maya,UMS
443,Russian Federation,Ust-Nera,USR
444,Russian Federation,Varandey,VRI
445,Russian Federation,Velikiy Novgorod,NVR
446,Russian Federation,Velikiy Ustyug,VUS
447,Russian Federation,Velikiye Luki,VLU
448,Russian Federation,Verkhnevilyuysk,VHV
449,Russian Federation,Vilyuisk,VYI
450,Russian Federation,Vladikavkaz,OGZ
451,Russian Federation,Vladimir,VLI
452,Russian Federation,Vladivostok,VVO
453,Russian Federation,Volgograd,VOG
454,Russian Federation,Vologda,VGD
455,Russian Federation,Vorkuta,VKT
456,Russian Federation,Voronezh,VOZ
457,Russian Federation,Yakutsk,YKS
458,Russian Federation,Yaroslavl,IAR
459,Russian Federation,Yekaterinburg,SVX
460,Russian Federation,Yeniseysk,EIE
461,Russian Federation,Yeysk,EIK
462,Russian Federation,Yoshkar Ola,JOK
463,Russian Federation,Yuzhno-Kurilsk,DEE
464,Russian Federation,Yuzhno-Sakhalinsk,UUS
465,Russian Federation,Zhigansk,ZIX
466,Russian Federation,Zyryanka,ZKP
467,Rwanda,Kigali,KGL
468,Senegal,Dakar,DSS
469,Serbia,Belgrade,BEG
470,Singapore,Singapore,SIN
471,Suriname,Paramaribo,PBM
472,Sweden,Arvidsjaur,AJR
473,Sweden,Goteborg,GOT
474,Sweden,Linkoping,LPI
475,Sweden,Stockholm,ARN
476,Sweden,Vaxjo,VXO
477,Switzerland,Geneva,GVA
478,Switzerland,Zurich,ZRH
479,Taiwan,Kaohsiung,KHH
480,Taiwan,Taipei,TPE
481,Thailand,Bangkok,BKK
482,Thailand,Phuket,HKT
483,Turkey,Ankara,ESB
484,Turkey,Antalya,AYT
485,Turkey,Istanbul,IST
486,Turkmenistan,Ashgabat,ASB
487,Uganda,Entebbe,EBB
488,Ukraine,Kiev,KBP
489,Vietnam,Hanoi,HAN
