pass_id,First_name,Last_name,From_city,Sex,To_city,Date,Time,Flight_number,E-ticket,Class,Sequence,PNR
158,LIDIIA,AGEEVA,CHICAGO IL,Female,NEW YORK NY,2017-08-01,12:30:00,DL354,8244598807444320,Y,75,SIUQKE
34,ANATOLIY,ALESHIN,MOSCOW,Male,VLADIVOSTOK,2017-06-10,15:10:00,SU6291,7234839143217930,Y,32,WJQYSA
29,AMELIIA,ALESHINA,PRAGUE,Female,PARIS,2017-04-09,19:25:00,AF1583,1527911009189880,Y,32,BTBULX
93,EGOR,ALEXEEV,DA NANG,Male,TOKYO,2017-11-19,0:30:00,VN318,2567293403002070,A,70,GVPYVN
72,DARYA,ANDREEVA,PETROPAVLOVSK,Female,MOSCOW,2017-12-14,13:25:00,SU1731,2332793727142600,Y,1,QIEKHB
150,LEONID,ANDRIANOV,MADINAH,Male,ORAN,2017-06-22,2:30:00,SV2413,3864552424846420,Y,32,ZXGLBX
357,YAROMIR,ANDRIANOV,ROME,Male,MOSCOW,2017-04-01,23:35:00,SU2405,9734909716529340,A,31,QSERBE
239,RINAT,ANISIMOV,YEKATERINBURG,Male,MOSCOW,2017-09-05,17:25:00,SU1403,1590750860002110,Y,52,DLJGUT
24,AMALIIA,ANISIMOVA,TOULOUSE,Female,PARIS,2017-09-19,17:20:00,AF6137,3966249451143380,J,28,TTEFVN
57,CHERNYKH,ANTONINA,WASHINGTON,Female,ATLANTA GA,2017-03-05,19:30:00,DL1371,2214439078850170,Y,47,BHPISC
21,ALISA,ANTONOVA,MIAMI FL,Female,NEW YORK NY,2017-10-23,11:00:00,DL966,5515461760058270,Y,77,SQJLNT
182,MARYANA,ARTAMONOVA,GUATEMALA CITY,Female,LOS ANGELES CA,2017-10-24,18:50:00,DL592,544315327771071,Y,38,IKOLIM
341,VIOLETTA,ARTAMONOVA,BUCHAREST,Female,ORADEA,2017-07-26,7:05:00,RO621,4600068007568300,Y,11,EOMGGV
334,VIACHESLAV,ARTEMOV,CINCINNATI OH,Male,MINNEAPOLIS/ST PAUL MN,2017-06-25,6:45:00,DL5223,4194107560367440,Y,20,BWGKAJ
188,MELANIIA,ASTAKHOVA,VLADIVOSTOK,Female,YUZHNO,2017-02-06,12:30:00,SU5606,377897890486393,Y,62,OSRNDW
197,NATALIIA,AVDEEVA,ATLANTA GA,Female,PHOENIX AZ,2017-12-24,21:32:00,DL2167,1965485356775610,Y,59,VUOLPF
258,SAMIR,BARSUKOV,KAZAN,Male,MOSCOW,2017-07-29,14:15:00,SU1281,2264717979478320,Y,51,WGKZTB
18,ALEXEY,BASHIROV,YULIN,Male,FUZHOU,2017-12-21,17:50:00,MU2276,2050481997269910,Y,85,LOZLLG
238,RINAT,BAZHENOV,NIZHNEVARTOVSK,Male,MOSCOW,2017-07-17,17:35:00,SU1475,4650006075471080,A,12,LSLPGB
217,OLESYA,BELIAKOVA,ROME,Female,LAMEZIA TERME,2017-08-10,13:25:00,AZ1171,2206862040953000,Y,32,DCMNOF
315,VADIM,BELIKOV,MOSCOW,Male,VILNIUS,2017-09-21,7:55:00,SU2104,8496744049613290,Y,80,BZXVTI
164,LYUDMILA,BELIKOVA,MADRID,Female,LA CORUNA,2017-05-04,14:15:00,UX7235,8012473001761290,Y,98,CWQTYF
210,NINA,BELKINA,MOSCOW,Female,NIZHNEKAMSK,2017-04-23,11:10:00,SU1255,3817709378907540,Y,60,WZPUMD
45,ANZHELIKA,BELKINA,ROME,Female,BUENOS AIRES,2017-03-23,21:45:00,AR7201,5175320198343950,Y,63,GTKYZO
199,NATALYA,BELYAEVA,CORDOBA,Female,BUENOS AIRES,2017-06-27,8:20:00,AR1513,7285629827839050,Y,8,DNDOCH
361,YASMINA,BELYAEVA,MOSCOW,Female,ROME,2017-01-18,8:55:00,AZ7025,9595878454929630,Y,43,XJHXAU
271,SNEZHANA,BELYAKOVA,MOSCOW,Female,NOVYJ URENGOJ,2017-09-14,17:20:00,SU1521,7509293123286460,Y,82,DULNAI
223,PETR,BEREZIN,GANZHOU,Male,BEIJING,2017-05-20,16:10:00,CZ3255,471106273349723,Y,76,HZVEOD
335,VIKTORIIA,BEREZINA,MOSCOW,Female,PARIS,2017-02-04,7:45:00,AF4901,6601745674643570,Y,100,MYSYQD
129,IGNAT,BIRIUKOV,CHANGCHUN,Male,SEOUL,2017-12-02,9:20:00,CZ687,4669324538222370,Y,55,DQYGCP
185,MEDINA,BIRIUKOVA,MOSCOW,Female,KEMEROVO,2017-05-22,20:20:00,SU1450,5117068689686220,Y,18,SYOTNS
331,VERONIKA,BLOKHINA,NEW YORK NY,Female,TAMPA FL,2017-02-02,19:25:00,DL211,7088875902237430,Y,99,GOLIAT
349,VLADISLAV,BOLDYREV,ROME,Male,GENOA,2017-01-28,17:20:00,AZ1391,6346815352193370,P,21,DRDLVL
54,BOGDAN,BONDAREV,NEW YORK NY,Male,ATLANTA GA,2017-03-20,13:45:00,DL2663,6671495566852310,Y,51,CIIXAG
297,TAISIIA,BORISOVA,PARIS,Female,CASABLANCA,2017-07-20,12:25:00,AF1596,2054788462522260,Y,79,JYGLLY
9,ALBINA,BORODINA,GUANGZHOU,Female,SHANGHAI,2017-04-08,21:50:00,CZ3180,9280697498411130,Y,43,IBTIPM
274,SNEZHANA,BULATOVA,SAINT PETERSBURG,Female,MOSCOW,2017-06-05,17:55:00,SU6035,8578860373854990,Y,73,FTJBOO
180,MARK,BULGAKOV,OSAKA,Male,HO CHI MINH CITY,2018-01-01,10:30:00,VN321,4532895033787180,Y,84,OMDWCK
120,GERMAN,BULGAKOV,SEATTLE WA,Male,SPOKANE WA,2017-07-08,16:10:00,DL390,4543054641847030,Y,70,VCCUBK
263,SAVELIY,BULGAKOV,MOSCOW,Male,DUBAI,2017-05-15,7:50:00,KQ3503,5255194383794050,Y,35,SBZBOY
118,GALINA,BULGAKOVA,MOSCOW,Female,AMSTERDAM,2017-01-11,17:00:00,SU3204,1993469860247260,Y,10,KXZDEB
153,LEV,CHEBOTAREV,MUDANJIANG,Male,SEOUL,2017-09-15,12:50:00,CZ4531,1000437526546040,J,81,YETBIU
134,IRINA,CHEREPANOVA,BORDEAUX,Female,LYON,2017-05-21,6:30:00,AF5368,3803151083585880,Y,29,ZRBDTK
198,NATALIIA,CHEREPANOVA,LONDON,Female,DETROIT MI,2017-07-22,9:40:00,KL6082,3955532964762800,Y,3,XTOCSD
254,SABINA,CHEREPANOVA,FUZHOU,Female,KUNMING,2017-09-20,8:05:00,MF8427,5191907485921300,Y,88,RXZWYI
307,TIMUR,CHERNIAEV,IASI,Male,BUCHAREST,2017-07-05,7:40:00,RO701,9841566098150880,Y,60,DSWVNU
209,NINA,CHERNOVA,MOSCOW,Female,VALENCIA,2017-01-15,6:50:00,SU2502,9304316773151920,Y,46,CAMSKX
172,MARGARITA,CHERNYKH,VORONEZH,Female,MOSCOW,2017-03-13,21:05:00,SU1355,3499754609174160,Y,80,HNCWSO
354,YAROMIR,CHERNYSHEV,MILAN,Male,KUWAIT,2017-02-14,14:00:00,AZ7002,8231892890400660,J,38,BAWRHY
94,EGOR,CHISTIAKOV,ABHA,Male,RIIADH,2017-12-09,13:35:00,SV1887,7976940101933050,Y,37,IGMFUA
255,SABINA,DANILOVA,SEOUL,Female,HANOI,2017-10-08,18:05:00,VN415,1351635769245520,Y,74,QJETSQ
23,AMALIIA,DEGTYAREVA,MILAN,Female,RIGA,2017-03-01,10:20:00,AZ7795,9244482534816520,Y,9,GVDHSX
283,STEPAN,DEMIDOV,HO CHI MINH CITY,Male,PHU QUOC ISLAND,2017-05-05,11:55:00,VN1825,5738543816351630,Y,51,VYNHNQ
8,ALBERT,DEMYANOV,SHANGHAI,Male,SEOUL,2017-08-24,16:45:00,CZ509,4882817912257730,Y,37,ZPCGPC
71,DARINA,DMITRIEVA,IASI,Female,BUCHAREST,2017-12-13,5:45:00,RO710,316829598172491,Y,18,WNHHMW
112,EVELINA,DMITRIEVA,HANGZHOU,Female,GUIIANG,2017-08-31,14:10:00,MF8493,2448664469168350,Y,67,ESLOJH
104,ELMIRA,DMITRIEVA,BOSTON MA,Female,ORLANDO FL,2017-08-25,20:02:00,DL2285,4704988117884800,Y,90,HBTGAV
314,VADIM,DOBRYNIN,GUANGZHOU,Male,MELBOURNE,2017-08-18,9:05:00,MF9267,4190115821825220,Y,41,FZKTLR
10,ALBINA,DOBRYNINA,PARIS,Female,TOULOUSE,2017-04-12,16:30:00,AF6130,3005864306638860,Y,14,BWVBAI
327,VERA,DOLGOVA,TAIPEI,Female,TAIYUAN,2017-07-27,12:15:00,MU5012,209858701529355,Y,15,IYTRPA
82,DEMID,DROZDOV,PARIS,Male,RENNES,2017-12-06,21:30:00,AF7638,1065484503034030,Y,26,VHAKHE
22,ALIIA,DRUZHININA,MOSCOW,Female,DELHI,2017-06-11,13:55:00,SU234,2780997705175840,Y,46,HMIDYK
330,VERONIKA,EFIMOVA,ROME,Female,ATLANTA GA,2017-02-22,10:25:00,DL65,2586738648147450,Y,33,KCMRMW
138,IVAN,ELISEEV,ISTANBUL,Male,MADRID,2017-02-23,14:05:00,UX3906,9957981358241940,A,0,TXJCCZ
160,LILIIA,EMELIANOVA,SAMARA,Female,SAINT PETERSBURG,2017-01-20,12:30:00,SU6234,1501478615316490,Y,67,ASFTAB
249,RUSLAN,EMELYANOV,QINHUANGDAO,Male,SHANGHAI,2017-07-03,10:05:00,MU9142,4700930384626250,Y,49,KTCZHF
266,SAVVA,ERMAKOV,DETROIT MI,Male,NEW YORK NY,2017-12-18,14:15:00,DL6009,5500982455531060,Y,7,ROLSQK
257,SAMIR,ERMOLAEV,AMSTERDAM,Male,HANGZHOU,2017-01-24,17:20:00,MF9811,5723840729865290,Y,66,KBBKRM
175,MARINA,ERMOLAEVA,HOUSTON TX,Female,NEW YORK NY,2017-07-01,12:10:00,DL3777,3655014536333960,Y,42,RYHRPS
66,DANIL,EROFEEV,RIIADH,Male,JEDDAH,2017-06-18,22:00:00,SV1053,312197473116112,Y,65,DWGBOO
186,MEDINA,EVDOKIMOVA,NANTES,Female,PARIS,2017-11-28,6:00:00,AF7721,3406069833713010,Y,78,PKXFAB
248,RUSLAN,EVSEEV,AL NAJAF,Male,BEIRUT,2017-06-04,0:20:00,ME345,6000380297013810,Y,59,FJXYAC
250,RUSTAM,EVSEEV,BARCELONA,Male,AMSTERDAM,2017-08-23,13:00:00,KL1670,8653308446618460,A,57,EBAZQC
55,BOGDAN,EZHOV,DZAOUDZI,Male,NAIROBI,2017-12-28,10:45:00,KQ255,2913853605700050,A,19,HNPCIF
193,MILANA,EZHOVA,GUANGZHOU,Female,SHANGHAI,2017-11-16,12:00:00,CZ3539,3948237497954570,A,34,LCUWGO
301,TATIANA,EZHOVA,NEW YORK NY,Female,SAN FRANCISCO CA,2017-05-23,15:50:00,DL2634,8170182828900730,Y,29,HBWGTG
251,RUSTAM,FADEEV,HELSINKI,Male,MOSCOW,2017-09-02,23:55:00,SU3965,5926220253271630,Y,86,KUWRTG
124,IAROMIR,FEDOTOV,SAINT PETERSBURG,Male,MOSCOW,2017-01-06,14:30:00,SU43,454489245616418,Y,42,IBXOCT
1,ADEL,FILATOV,MILAN,Male,MOSCOW,2017-04-29,17:25:00,AZ7948,7117171755079760,Y,82,EWYDPX
345,VITALIY,FOKIN,MOSCOW,Male,KRASNOYARSK,2017-11-18,10:40:00,SU1486,8554454301916340,Y,67,QWIRXJ
163,LIUBOV,FOKINA,BARCELONA,Female,ALMERIA,2017-03-19,10:00:00,UX4647,601450740865237,Y,0,GUCURZ
69,DANILA,GALKIN,SYKTYVKAR,Male,MOSCOW,2017-01-31,6:05:00,SU1397,3029881627737540,Y,97,WICTVO
174,MARINA,GAVRILOVA,GUANGZHOU,Female,HAIKOU,2017-02-28,15:05:00,CZ340,1989677840825760,J,70,GUNBAA
215,OLEG,GERASIMOV,GUILIN,Male,NANJING,2017-06-15,8:05:00,CZ3265,1597926132291930,Y,83,NJTXKW
167,MADINA,GERASIMOVA,GUIIANG,Female,SHIIAN,2017-05-09,8:50:00,CZ6583,7739801629248750,Y,25,ETBQHV
148,LEONID,GLUKHOV,UFA,Male,SAINT PETERSBURG,2017-02-20,6:05:00,SU6412,1574511590881920,Y,53,YEQEZS
178,MARIIA,GLUKHOVA,SEATTLE WA,Female,PHOENIX AZ,2017-11-06,11:20:00,DL1922,4184674936444510,Y,64,WXOONT
201,NIKA,GLUSHKOVA,QINGDAO,Female,DALIAN,2017-03-03,10:25:00,MF3509,5897001976562470,Y,68,RVMKEG
87,DMITRIY,GOLOVANOV,MINNEAPOLIS/ST PAUL MN,Male,BOISE ID,2017-11-26,11:30:00,DL3539,762361762268625,Y,93,JCMKZW
39,ANGELINA,GOLOVINA,MILAN,Female,SAINT PETERSBURG,2017-02-10,13:00:00,AZ7210,7382733278652380,Y,4,HZMGBW
67,DANIL,GORBUNOV,WUHAN,Male,GUIIANG,2017-10-30,16:10:00,CZ6390,8385387458885670,Y,13,LGVUGD
181,MARSEL,GORDEEV,MOSCOW,Male,MALE,2017-02-09,21:50:00,SU320,6661718720042730,Y,46,BGJTXS
225,PETR,GORELOV,NICE,Male,PARIS,2017-10-12,11:20:00,AF6211,6045294595007410,Y,52,TEEHQA
322,VASILISA,GORELOVA,ZUNYI,Female,HANGZHOU,2017-12-22,13:30:00,MF8266,3379670780118100,Y,52,WGGPTD
176,MARINA,GORIUNOVA,LOS ANGELES CA,Female,GUATEMALA CITY,2017-11-12,11:00:00,DL746,4409627457802570,Y,42,ZUPSLD
237,RINAT,GOROKHOV,PARIS,Male,ROME,2017-10-15,17:50:00,KQ3149,3417434235749310,Y,1,ETQSHU
264,SAVELIY,GOROKHOV,XIAN,Male,BEIJING,2017-03-21,18:00:00,MU2115,4868570876354980,Y,23,QIBXSK
99,ELINA,GOROKHOVA,BEIJING,Female,YINCHUAN,2017-03-24,19:15:00,CZ6117,6108401028832200,Y,37,EJGAYY
355,YAROMIR,GORSHKOV,MELBOURNE,Male,ADELAIDE,2017-07-15,8:10:00,DL7707,445631355886602,Y,8,LBOAMK
233,RADMIR,GORSHKOV,MOSCOW,Male,HELSINKI,2017-01-03,9:35:00,SU2206,5532637664518320,Y,32,TISZPO
333,VERONIKA,GORYACHEVA,BUENOS AIRES,Female,POSADAS,2017-11-25,21:30:00,AR1757,4875388392136320,Y,93,KJAXNE
200,NELLI,GRACHEVA,LOS ANGELES CA,Female,SEATTLE WA,2017-11-23,7:35:00,DL2720,652170383817697,Y,94,FTLDVP
101,ELISEY,GREKOV,JAZAN,Male,JEDDAH,2017-05-28,1:20:00,SV1793,745884557176239,Y,63,IHODUK
358,YAROMIR,GREKOV,MIAMI FL,Male,NEW YORK NY,2017-07-23,15:32:00,DL1437,3872674745170870,P,97,YVBLMA
344,VITALIY,GRIGOREV,MADRID,Male,GRAN CANARIA,2017-05-06,7:00:00,UX9156,4211461976039190,Y,96,JXKORH
140,KAMILLA,GRIGOREVA,VOLGOGRAD,Female,MOSCOW,2017-07-06,14:55:00,SU1189,4977623767985180,A,27,PCBAEP
284,STEPAN,GRISHIN,BERLIN,Male,SAINT PETERSBURG,2017-06-14,17:50:00,SU6640,2296668575945800,Y,55,IUXHKI
161,LILIIA,GULIAEVA,PALERMO,Female,MILAN,2017-12-10,19:55:00,AZ1790,3641238267082910,Y,96,BQGJYG
123,IANA,GULIAEVA,TBILISI,Female,AMSTERDAM,2017-12-26,5:30:00,KL3109,6385727946830330,Y,58,LJIYQW
64,DANIL,GUSEV,TASHKENT INTERNATIONAL,Male,SEOUL,2017-04-10,22:20:00,KE5942,6345570848987620,Y,99,PXJSSY
17,ALEXEY,GUSHCHIN,MOSCOW,Male,TBILISI,2017-06-06,21:10:00,SU1892,7902434697439890,Y,68,BRWFDC
312,TUMANOV,IAROSLAV,JEDDAH,Male,TABUK,2017-11-09,20:10:00,SV1551,1784282392465530,Y,90,OCZQZG
126,IAROSLAVA,IGNATOVA,VLADIVOSTOK,Female,SEOUL,2017-02-13,18:30:00,SU5464,5592782548802060,Y,95,NHMSJW
276,SOFIIA,IGNATOVA,DUBAI,Female,RIIADH,2017-02-08,18:15:00,SV555,6284156963547650,Y,25,VMWONK
89,EDUARD,ILIN,SAINT PETERSBURG,Male,UFA,2017-03-26,14:50:00,SU6413,7502087438326850,Y,58,MMIYHR
5,AIDAR,ILIN,GUIIANG,Male,NINGBO,2017-06-03,14:25:00,CZ6723,8173691225448290,A,30,HNKAKL
262,SAMIRA,ILINSKAYA,TAIPEI,Female,ZHENGZHOU,2017-06-21,11:50:00,CZ3024,3261325237513080,Y,86,PSUETK
241,RODION,ILINSKIY,MILAN,Male,ROME,2017-05-01,9:00:00,AZ2029,272801095306520,Y,100,IMSOTJ
265,SAVELIY,ISAKOV,GUANGZHOU,Male,CHANGSHA,2017-11-14,21:15:00,CZ331,8515566888568470,Y,17,SOSNSY
58,DAMIR,IUDIN,ROME,Male,MALTA,2017-05-25,9:30:00,AZ884,1591946602889660,Y,6,VWHKUN
15,ALEKSEY,IZMAYLOV,TAIYUAN,Male,GUIIANG,2017-10-13,12:30:00,MU9605,9614428620783580,Y,69,PAPFQE
220,OLGA,IZMAYLOVA,JAKARTA,Female,YOGYAKARTA,2017-04-14,5:15:00,GA202,2431724187720400,Y,58,UYFKCL
242,RODION,KALMYKOV,WASHINGTON,Male,NEW YORK NY,2017-05-11,10:00:00,DL5228,7071680946061280,Y,9,JKQSXC
25,AMELIIA,KALMYKOVA,ABU DHABI,Female,MAHE ISLAND,2017-06-20,2:40:00,AZ5615,4567476005636280,A,85,CYSEMA
267,SAVVA,KAPUSTIN,YANGON,Male,HO CHI MINH CITY,2017-12-27,11:10:00,VN942,315062357879969,J,79,FJUDOU
286,STEPAN,KARASEV,NEW YORK NY,Male,SALT LAKE CITY UT,2017-08-11,11:05:00,DL1437,1023651496974240,Y,8,HBOYKW
170,MAKSIM,KARTASHOV,KAZAN,Male,MOSCOW,2017-01-02,12:20:00,SU1191,8023093672216490,Y,42,JLXPWW
184,MAYYA,KASYANOVA,AMSTERDAM,Female,DUBLIN,2017-09-11,21:20:00,KL939,5648894970146430,Y,46,MPIGUN
299,TAMARA,KHROMOVA,BARNAUL,Female,MOSCOW,2017-01-16,7:05:00,SU1431,3484666922313350,Y,77,WCDAAJ
207,NIKOLAY,KIREEV,DOHA,Male,BEIRUT,2017-11-08,20:35:00,ME439,4414313740827670,Y,40,XJCUZS
205,NIKOLAY,KIREEV,ROME,Male,MILAN,2017-04-05,16:30:00,AZ2082,4533780222742920,Y,50,WTVEAP
102,ELIZAVETA,KISELEVA,QINGDAO,Female,GUANGZHOU,2017-06-01,7:05:00,MU5257,1331388632378540,Y,86,KZFXQC
338,VIOLETTA,KLIMOVA,PARIS,Female,FRANKFURT,2017-02-03,7:25:00,KQ3024,1552988856197870,Y,74,VTSAWP
281,STEFANIIA,KLIMOVA,RIO DE JANEIRO,Female,PARIS,2017-08-12,21:05:00,AF467,3766189279815660,Y,32,QAYQTG
6,ALBERT,KLIUEV,PRAGUE,Male,HELSINKI,2017-03-02,11:00:00,OK480,9064851147222170,Y,8,KNNHAD
332,VERONIKA,KOLOSOVA,SEOUL,Female,AOMORI,2017-05-16,10:30:00,KE767,4632537337404450,Y,71,UWCCFQ
317,VALERIY,KOLPAKOV,LONDON,Male,AMSTERDAM,2017-08-27,7:45:00,KL982,8855278976071200,Y,76,ZHOZAP
351,VSEVOLOD,KOMAROV,PARIS,Male,VALENCIA,2017-01-22,15:40:00,AF5064,527984843882978,Y,99,TYLHOP
46,ANZHELIKA,KONDRASHOVA,SEATTLE WA,Female,DETROIT MI,2017-06-24,6:30:00,DL2459,2214969099641200,Y,9,ZIFBLB
114,EVGENIY,KONDRATOV,JEDDAH,Male,KUALA LUMPUR,2017-08-20,21:45:00,SV3848,1133201570624350,A,76,GGSOHO
222,PAVLOVSKIY,KONSTANTIN,IRKUTSK,Male,MOSCOW,2017-04-26,9:55:00,SU1443,4827698480085880,Y,64,YWAKDX
362,YURIY,KONSTANTINOV,NEW YORK NY,Male,MILWAUKEE WI,2017-12-17,8:30:00,DL3688,3504268709714500,Y,58,PZIJHR
130,ILDAR,KONSTANTINOV,KUALA LUMPUR,Male,MADINAH,2017-08-16,13:30:00,SV3805,4561613853261030,A,60,NNQMRX
316,VALENTINA,KORCHAGINA,MOSCOW,Female,SAINT PETERSBURG,2017-03-10,10:45:00,SU6018,8818754842571790,Y,68,FKGGIQ
356,YAROMIR,KOROLEV,CHENGDU,Male,BEIJING,2017-03-09,16:30:00,CZ6184,5635794579353110,Y,76,UWRVKX
365,ZARINA,KOROLKOVA,BERLIN,Female,AMSTERDAM,2017-08-03,14:35:00,KL1826,7724758395852880,Y,63,KXRQME
202,NIKA,KOROTKOVA,BUFFALO NY,Female,ATLANTA GA,2017-09-03,16:30:00,DL921,3641485525538700,Y,76,LMICTD
366,ZLATA,KOROVINA,LONDON,Female,ATLANTA GA,2017-07-10,14:50:00,KL6076,2273084661060060,Y,68,JXJRRM
144,KONSTANTIN,KORSHUNOV,SINGAPORE,Male,HANOI,2017-05-17,16:10:00,GA9606,3225609457609020,A,31,DXQZIU
41,ANNA,KORSHUNOVA,XINING,Female,YUSHU,2017-07-09,16:40:00,MU2218,8175161219310880,Y,100,PWOYEP
105,ELVIRA,KORSHUNOVA,MILAN,Female,NAPLES,2017-05-24,13:15:00,AZ1299,9764844495725040,A,92,RWFMJR
86,DMITRIY,KOSHELEV,TURIN,Male,PARIS,2017-06-09,8:15:00,AZ7428,1897453734216670,Y,8,GHEFKB
20,ALISA,KOSHELEVA,DUBLIN,Female,NEW YORK NY,2017-04-17,9:55:00,KL6191,3574853478961530,Y,63,PTGXIC
152,LEV,KOVALEV,MILAN,Male,BIRMINGHAM,2017-07-19,10:25:00,AZ7942,2338449502240500,Y,68,HLZMLJ
3,AGATA,KOZHEVNIKOVA,PHUKET,Female,GUANGZHOU,2017-04-16,0:01:00,CZ6058,3856744338916700,Y,62,KXTRDT
90,EDUARD,KOZLOV,ORLANDO FL,Male,DETROIT MI,2017-11-07,16:10:00,DL2819,5261416244720730,Y,57,SNPUVQ
83,DENIS,KOZYREV,AKTAU,Male,MOSCOW,2017-04-28,4:25:00,SU1955,6190644811446560,Y,2,GJBXIU
224,PETR,KRASNOV,URUMQI,Male,GUANGZHOU,2017-06-08,8:55:00,CZ6957,4478211574430720,Y,15,PVSZYH
136,IULIIA,KRAVTCOVA,CLEVELAND OH,Female,DETROIT MI,2017-09-13,17:45:00,DL3405,9340642453390240,Y,22,HQGYTW
289,SVETLANA,KUKUSHKINA,PARIS,Female,MANCHESTER,2017-02-26,8:25:00,KQ3226,7977611972203340,Y,29,DSIVKH
305,TIMOFEY,KUPRIIANOV,SHANGHAI,Male,SHENZHEN,2017-05-19,19:55:00,CZ3610,9292236333081080,Y,44,ZQNSYB
85,DENIS,KUZIN,AMSTERDAM,Male,MONTPELLIER,2017-08-06,13:20:00,AF8277,1870779637774700,Y,54,BCYIDD
229,POLINA,KUZINA,PARIS,Female,COPENHAGEN,2017-03-27,12:25:00,AF1850,7107802387223340,A,93,CXTNYK
7,ALBERT,LAPIN,MOSCOW,Male,NOVOSIBIRSK,2017-04-13,20:05:00,SU1548,1088632418169710,Y,93,PYAQAX
221,OXANA,LAPINA,MEXICO CITY,Female,CIUDAD DEL CARMEN,2017-11-04,6:01:00,AM256,9640548621384700,Y,65,XDJGBP
56,BORIS,LAPSHIN,SEOUL,Male,JAKARTA,2017-05-07,10:35:00,GA879,8526596943929050,J,31,GHPHWT
213,OKSANA,LAPSHINA,PHUKET,Female,BANGKOK,2017-01-17,10:25:00,CI9852,7101733505440720,Y,41,SHFUJI
59,DAMIR,LAPTEV,OSAKA,Male,DENPASAR,2017-08-14,11:00:00,GA883,8778811866694830,Y,53,GITRQM
245,ROMAN,LARIONOV,YEREVAN,Male,MOSCOW,2017-04-02,21:35:00,SU1863,2302574272560100,Y,9,ZSESIS
110,EVA,LEBEDEVA,PALMA DE MALLORCA,Female,MADRID,2017-05-27,12:25:00,UX6048,3022482074169950,Y,87,FFCYWR
230,POLINA,LEBEDEVA,MADINAH,Female,DELHI,2017-09-04,7:40:00,SV764,4786266531322100,Y,68,DTQSIQ
346,VLADA,LEONOVA,VERONA,Female,ROME,2017-05-14,19:15:00,AZ1494,4873553727439460,Y,40,BNKQFJ
218,OLESYA,LEONOVA,PRAGUE,Female,AMSTERDAM,2017-01-09,6:00:00,CI9070,6151942751592330,Y,89,MYOROZ
44,ANTONINA,LEONTEVA,BUCHAREST,Female,MOSCOW,2017-09-24,0:50:00,RO9205,103894658941080,Y,25,LEKMNW
2,AGAFONOV,LEV,SEOUL,Male,SEOUL,2017-03-30,6:50:00,KE1601,4357593264588490,Y,9,QCSPIE
62,DANIEL,LEVIN,BRUSSELS,Male,ANTWERP,2017-08-22,6:10:00,MF9062,4022412524376330,Y,2,SBIDSL
303,TIKHON,LEVIN,MIAMI FL,Male,ATLANTA GA,2017-12-08,13:43:00,DL1608,5015297622724440,Y,60,GVFPBE
311,TROITSKAYA,LILIIA,KHABAROVSK,Female,VLADIVOSTOK,2017-03-06,8:00:00,SU5603,4318992729905380,A,18,QJHUSJ
252,SABINA,LIUBIMOVA,BARCELONA,Female,SEVILLA,2017-04-21,8:45:00,UX4681,6770306096229430,Y,21,AQICZS
131,ILIA,LOBANOV,BATON ROUGE LA,Male,ATLANTA GA,2017-08-28,16:30:00,DL5497,7878798959867410,Y,90,PRNLTW
146,KSENIIA,LOBANOVA,SEATTLE WA,Female,DENVER CO,2017-10-02,7:05:00,DL2739,2552628389620270,Y,99,BGSBDD
272,SNEZHANA,LOBANOVA,SEOUL,Female,TOKYO,2017-04-22,6:40:00,KE5715,5350243415480650,Y,100,HOCCEJ
31,AMINA,LOGINOVA,DETROIT MI,Female,EVANSVILLE IN,2017-12-23,20:15:00,DL3481,7791072925085320,Y,54,CRLVEO
84,DENIS,LOPATIN,SHANGHAI,Male,ZHUHAI,2017-05-26,13:25:00,MU9516,2054247251167010,Y,74,VSMIUO
16,ALEXANDRA,LUKYANOVA,WARSAW,Female,PARIS,2017-11-03,17:20:00,AF1047,7169880572413750,Y,71,ICSJMH
336,VIKTORIIA,LYUBIMOVA,CHENGDU,Female,GUANGZHOU,2017-06-13,13:25:00,CZ3182,3224416633141090,Y,0,WRYOHI
119,GALINA,MAKEEVA,NICE,Female,MOSCOW,2017-10-25,22:40:00,SU2475,1142378829980970,Y,14,DRPSCR
350,VLADISLAV,MAKSIMOV,MOSCOW,Male,SHANGHAI,2017-03-14,18:10:00,MU592,8384453205735880,Y,78,NSYAKZ
261,SAMIRA,MAKSIMOVA,NHA TRANG,Female,SHANGHAI,2017-03-25,4:00:00,VN461,9593007797349210,Y,40,IEMXIS
35,ANATOLIY,MALAKHOV,PARIS,Male,TOULOUSE,2017-03-22,13:15:00,AF6127,1594117201719500,J,32,AAIAMW
63,DANIIL,MALININ,ALBANY NY,Male,DETROIT MI,2017-12-05,9:34:00,DL6215,8497155579425770,P,1,UQLMXS
127,IASMINA,MALININA,AMSTERDAM,Female,VENICE,2017-03-11,12:25:00,KL1654,1981061412693870,Y,5,GJANUT
259,SAMIR,MALTCEV,DETROIT MI,Male,TORONTO,2017-11-10,20:20:00,DL5507,5666662890858390,Y,90,KFRNHZ
91,EGOR,MALTSEV,YUZHNO,Male,KHABAROVSK,2017-01-27,8:40:00,SU5625,8063343671438070,Y,10,CWQYJK
282,STEFANIIA,MALTSEVA,SAINT PETERSBURG,Female,SOCHI,2017-08-26,8:15:00,SU6563,3421542182653670,Y,11,GHDZHL
302,TATIANA,MALYSHEVA,JAKARTA,Female,PALEMBANG,2017-06-16,15:15:00,GA110,1485371934272230,Y,62,JVGHNG
51,ARTEMIY,MARKELOV,KNOXVILLE TN,Male,DETROIT MI,2017-11-02,12:55:00,DL3480,9378924335223170,A,100,VTFJLL
37,ANDREY,MARKOV,MADINAH,Male,SURABAYA,2017-09-08,11:40:00,SV3591,2313678666153310,J,25,SKGYQV
212,ODISSEY,MASLOV,ATLANTA GA,Male,HOUSTON TX,2017-08-30,13:48:00,DL1448,7779210016448960,Y,27,ZXOWWL
247,RUSLAN,MAYOROV,BRIVE,Male,PARIS,2017-05-13,7:20:00,AF5528,5285082091896520,Y,65,AKRYKX
95,EKATERINA,MAYOROVA,MOSCOW,Female,STUTTGART,2017-01-08,8:30:00,SU2336,7959014759847110,Y,92,JXGMHO
36,ANDREY,MEDVEDEV,CHIANG MAI,Male,BANGKOK,2017-06-17,14:15:00,CI9712,5418403435855650,Y,1,DXZYBH
243,RODION,MERKULOV,PARIS,Male,NEW YORK NY,2017-06-02,19:40:00,AF7,6978359219402730,Y,53,PYCVPQ
141,KAMILLA,MESHCHERIAKOVA,HANGZHOU,Female,ZHENGZHOU,2017-10-26,11:10:00,MU9295,166012910080333,Y,88,JPHRVU
313,USPENSKAYA,MIROSLAVA,SINGAPORE,Female,FUZHOU,2017-08-04,6:55:00,MU1778,6863694205342020,Y,37,MILMRV
324,VASILIY,MITROFANOV,REGGIO DI CALABRIA,Male,TURIN,2017-10-27,10:00:00,AZ7427,7875770453567310,Y,40,UPFJWG
128,IGNAT,MOISEEV,PENANG,Male,GUANGZHOU,2017-10-16,9:05:00,CZ396,5487136530878910,Y,46,EAZIXC
159,LIDIIA,MOISEEVA,URUMQI,Female,KORLA,2017-11-20,12:50:00,CZ6931,4752427734034820,Y,51,YQIPTA
115,EVGENIIA,MOSKVINA,MOSCOW,Female,TEL AVIV,2017-07-07,13:15:00,SU508,7575100951992470,Y,73,KABQFV
81,DEMID,MUKHIN,MOSCOW,Male,SAINT PETERSBURG,2017-07-02,6:10:00,SU6,87651124526993,Y,31,SNEFAK
30,AMINA,NAUMOVA,HARBIN,Female,SEOUL,2017-01-26,8:35:00,CZ683,6843458982378860,Y,61,PQRGNZ
189,MELANIIA,NAUMOVA,POINTE,Female,PARIS,2017-06-29,21:35:00,AF833,7637555049840820,P,69,CHEDHA
107,ESENIIA,NAUMOVA,TEL AVIV,Female,NEW YORK NY,2017-01-07,22:35:00,DL469,9463459928173650,Y,72,JLZQLT
122,GLEB,NAZAROV,PUNTA DEL ESTE,Male,BUENOS AIRES,2017-09-01,21:00:00,AR1343,7940774960556670,Y,9,QXJKEU
13,ALEKSANDRA,NEFEDOVA,JEDDAH,Female,CHENNAI,2017-09-26,21:00:00,SV778,5885341704416440,Y,81,JVZEKH
125,IAROMIR,NIKIFOROV,SEOUL,Male,SINGAPORE,2017-03-15,18:35:00,KE645,2280605945749260,A,15,TNMYJZ
137,IURIY,NIKOLAEV,VLADIVOSTOK,Male,KHABAROVSK,2017-01-13,16:35:00,SU5602,6509097804760960,A,31,CSHDPX
76,DAVID,NIKOLAEV,BUDAPEST,Male,BUCHAREST,2017-04-06,19:30:00,RO238,9428908527647460,Y,100,IZUSPJ
208,MIROSLAVA,NIKOLSKAIA,ATLANTA GA,Female,CLEVELAND OH,2017-05-10,12:24:00,DL661,4427871492043300,Y,85,TEFBAX
100,ELISEI,NIKULIN,HANOI,Male,DA NANG,2017-07-04,19:00:00,VN187,2975930974730030,Y,82,STJKNU
183,MAYYA,NIKULINA,SAINT PETERSBURG,Female,MOSCOW,2017-01-05,19:40:00,SU6023,9398520256248520,Y,84,TONREZ
32,AMIR,NOSKOV,HANOI,Male,HO CHI MINH CITY,2017-12-11,21:30:00,VN287,1389141785779900,A,40,EMECAG
142,KAROLINA,NOSKOVA,NORFOLK VA,Female,DETROIT MI,2017-10-20,5:45:00,DL6209,5425057235918180,Y,68,ZFRJWA
78,DAVID,NOVIKOV,LIJIANG,Male,SHANGHAI,2017-09-30,9:15:00,MU9719,1333630633473040,Y,68,JWQVUJ
291,SVIATOGOR,NOVIKOV,PARIS,Male,KUNMING,2017-04-24,11:50:00,MU774,8034612218551950,Y,95,LWLZFL
61,DANIEL,ODINTSOV,PARIS,Male,TOULON/HYERES,2017-08-07,20:15:00,AF7509,8237074638567930,Y,18,SCDVZB
166,MADINA,OKULOVA,BEIJING,Female,ZHUHAI,2017-04-11,16:00:00,CZ3734,4892020770687460,Y,16,WJXZBU
33,ANASTASIIA,OKULOVA,MADRID,Female,LANZAROTE,2017-05-02,8:05:00,UX9919,8343066198982820,Y,41,BIHXBD
139,IVAN,ORLOV,ASTANA,Male,URUMQI,2017-04-15,20:55:00,CZ6014,9936059293920610,Y,43,ATPDHB
290,SVETLANA,OSIPOVA,SALT LAKE CITY UT,Female,LOS ANGELES CA,2017-11-29,10:00:00,DL1228,3146078827636370,Y,3,ZOZQDM
117,FILIPP,OVCHINNIKOV,MINNEAPOLIS/ST PAUL MN,Male,BISMARCK ND,2017-11-30,22:25:00,DL505,3834507156536170,Y,70,DWIBAJ
360,YAROMIR,OVSYANNIKOV,SEATTLE WA,Male,SAN FRANCISCO CA,2017-12-16,16:00:00,DL1455,478896217271723,Y,31,MAOVLD
240,RINAT,OZEROV,JINGHONG,Male,KUNMING,2017-09-29,12:00:00,MU5723,8635113822764220,Y,95,QHCOHJ
65,DANIL,OZEROV,AMSTERDAM,Male,GDANSK,2017-05-03,6:30:00,KL1916,9948706368429330,Y,56,ONVMWC
260,SAMIRA,OZEROVA,KOSICE,Female,BRATISLAVA,2017-02-18,20:10:00,OK967,5827059016330820,J,26,GDAVJV
214,OLEG,PAKHOMOV,LILLE,Male,MARSEILLE,2017-03-17,7:00:00,AF7006,1501509069094880,J,62,PZDPGQ
359,YAROMIR,PAKHOMOV,KUALA LUMPUR,Male,GUANGZHOU,2017-10-09,18:10:00,CZ3048,4591175143604510,Y,37,TJQTOR
319,VASILINA,PANFILOVA,HANOI,Female,HO CHI MINH CITY,2017-04-27,21:00:00,VN285,2770076028487190,Y,100,DJGKAU
111,EVELINA,PANINA,HAIKOU,Female,SHANGHAI,2017-07-24,14:45:00,MU9270,3165111103635720,Y,25,WATXYD
236,RAMIL,PANKOV,YICHUN,Male,SHANGHAI,2017-11-13,13:25:00,MU5668,2137247689761540,A,58,MCTNBD
98,ELENA,PANTELEEVA,MOSCOW,Female,SAINT PETERSBURG,2017-02-11,20:35:00,SU6036,4781202173021010,Y,56,NRNRFN
53,BOGDAN,PARAMONOV,KHABAROVSK,Male,OKHA,2017-01-29,14:20:00,SU4605,1124914722418470,Y,38,WLICJB
280,STANISLAV,PARFENOV,MINNEAPOLIS/ST PAUL MN,Male,SAN DIEGO CA,2017-12-31,11:20:00,DL1916,7745416973964780,Y,10,REHZNE
273,SNEZHANA,PARFENOVA,COPENHAGEN,Female,PRAGUE,2017-05-08,9:15:00,OK505,5401177943993970,Y,47,KNDXTJ
296,SVYATOSLAV,PASTUKHOV,WASHINGTON,Male,RIIADH,2017-11-24,17:00:00,SV38,8492210977411290,Y,57,ZPOOSF
187,MELANIIA,PETROVSKAIA,PARIS,Female,RIO DE JANEIRO,2017-09-17,23:35:00,AF442,1226238476082170,Y,37,AOKVUN
103,ELMIRA,PETUKHOVA,AMSTERDAM,Female,MILAN,2017-05-18,14:40:00,KL1631,6932875988779900,Y,54,GIPXLI
155,LIDIIA,PIMENOVA,GAINESVILLE FL,Female,ATLANTA GA,2017-09-28,11:36:00,DL3724,2030504497364260,Y,42,ZWHMTS
219,OLGA,PIMENOVA,MOSCOW,Female,VERONA,2017-01-10,7:25:00,AZ7219,4024358196233130,Y,8,PBXNIZ
73,DARYA,PIMENOVA,MADRID,Female,CORDOBA,2017-01-30,23:45:00,AR7357,7769828303734080,Y,76,HOHMSF
74,DAVID,PIROGOV,PARIS,Male,MILAN,2017-09-12,19:30:00,AZ353,558714130053137,Y,2,YSIPFT
326,VERA,PIROGOVA,PARIS,Female,CASABLANCA,2017-03-29,7:10:00,AF1896,9358021737355470,Y,99,NRDRLT
4,AGATA,POSTNIKOVA,TAIPEI,Female,BEIJING,2017-08-02,15:35:00,CI517,8458105856553740,A,77,CARGQX
278,SOFIIA,POZDNYAKOVA,JEDDAH,Female,BANDA ACEH,2017-08-13,23:10:00,GA8872,8501228603291410,Y,26,WNHPRT
340,VIOLETTA,PROKHOROVA,BANJARMASIN,Female,JAKARTA,2017-03-04,18:45:00,GA529,1175192891961620,Y,94,QEKMVV
294,SVIATOSLAV,PROKOFEV,ATLANTA GA,Male,MONTERREY,2017-10-22,10:15:00,DL784,2124621531096330,Y,52,FQAMKI
206,NIKOLAY,PROKOFEV,NANTES,Male,PARIS,2017-07-21,11:20:00,AF7725,3541412891787210,J,54,JZEJJB
154,LIANA,PUGACHEVA,PITTSBURGH PA,Female,ATLANTA GA,2017-06-12,9:30:00,DL1533,3957418246574460,Y,42,VRTCLJ
292,SVIATOSLAV,RAKOV,VENICE,Male,CATANIA,2017-02-15,10:10:00,AZ1699,9682557515882450,J,54,NUCTDD
43,ANTONINA,RIABININA,PARIS,Female,MALAGA,2017-03-28,10:10:00,AF5052,1466869724480900,A,45,VFGNPQ
149,LEONID,RODIONOV,MIAMI FL,Male,NEW YORK NY,2017-03-07,19:30:00,DL313,9240985245076650,A,99,SEVBVO
231,POLINA,ROGOVA,CHONGQING,Female,HANGZHOU,2017-09-06,9:10:00,MF8478,3709027827728490,Y,13,JNUHML
246,MIROSLAV,ROMANOV,GUAM,Male,SEOUL,2017-08-08,2:30:00,KE112,4449716746609160,Y,61,LYEYYS
116,FEDOR,ROMANOV,ATLANTA GA,Male,DALLAS TX,2017-10-21,9:26:00,DL1424,6550150773437290,Y,63,SESFAF
133,IRINA,ROZANOVA,BOLOGNA,Female,BACAU,2017-05-12,18:00:00,AZ7380,4400147780457760,A,2,LYLBLB
235,RAMIL,ROZHKOV,MOSCOW,Male,KRASNOYARSK,2017-04-07,0:15:00,SU1482,8366391494374150,Y,42,POFVPI
287,STEPAN,RUBTCOV,DETROIT MI,Male,LOS ANGELES CA,2017-09-10,8:20:00,DL1962,1440865503321020,Y,86,DXUUAJ
38,ANDREY,RUDAKOV,CHENGDU,Male,DAQING,2017-10-18,18:50:00,CZ6250,2380884085505210,Y,95,EKIRDX
40,ANGELINA,RUDAKOVA,BUCHAREST,Female,BRUSSELS,2017-02-16,7:40:00,RO371,771248845362579,Y,16,WXZXZS
135,IRINA,RUDAKOVA,TORONTO,Female,MEXICO CITY,2017-12-19,9:15:00,AM693,7809806839863010,Y,96,GKMGDD
227,PLATON,RUMYANTSEV,MADINAH,Male,MEDAN,2017-08-21,21:30:00,GA977,1224634560534300,Y,36,UBHHXQ
310,TIMUR,SAFONOV,BUCHAREST,Male,IASI,2017-10-14,19:50:00,RO719,8147042805662170,Y,86,ASQOCW
77,DAVID,SAKHAROV,LYON,Male,TOULOUSE,2017-08-17,6:55:00,AF5399,5374409720652800,A,59,MNWFJI
329,VERA,SAMSONOVA,SHANGHAI,Female,SEOUL,2017-12-12,7:05:00,KE5808,3114794959066790,Y,38,HRWVZW
285,STEPAN,SAVELEV,LONDON,Male,NEWCASTLE,2017-07-16,17:35:00,CZ7217,6527845233065730,Y,61,XFYLEZ
363,ZAKHAR,SAVIN,KUALA LUMPUR,Male,MADINAH,2017-07-25,13:30:00,SV3839,2708431006442810,Y,100,MAFHEZ
300,TAMERLAN,SAVIN,COPENHAGEN,Male,AMSTERDAM,2017-02-24,9:50:00,KL1126,9344461317218960,Y,89,WEJCOP
253,SABINA,SEDOVA,XIAN,Female,SHANTOU,2017-08-29,21:55:00,MU2174,9705462361051480,Y,56,SIVWEQ
295,SVYATOGOR,SEMENOV,WARSAW,Male,PRAGUE,2017-06-30,19:35:00,OK779,5415103444332710,Y,94,JKHMEL
256,SABINA,SEMENOVA,DETROIT MI,Female,SAN ANTONIO TX,2017-10-29,20:25:00,DL3704,5342788087652870,Y,65,VMQMOF
195,MIROSLAVA,SEMENOVA,YUZHNO,Female,MOSCOW,2017-03-12,11:45:00,SU6284,6990392429172460,Y,86,USMLKF
97,EKATERINA,SEMINA,MOMBASA,Female,NAIROBI,2017-10-31,8:10:00,KQ601,2784547452944180,Y,21,QSGGXV
27,AMELIIA,SEMINA,TASHKENT INTERNATIONAL,Female,URUMQI,2017-01-12,0:50:00,CZ6030,7237811988093350,Y,81,VDBSXT
156,LIDIIA,SERGEEVA,SEOUL,Female,ULAANBAATAR,2017-12-30,13:00:00,KE867,2820302056612180,Y,95,UAQIIB
179,MARK,SHAPOVALOV,BRISBANE,Male,WELLINGTON,2017-09-07,8:45:00,DL7235,1457803775733510,Y,92,NUAWDU
79,DAVID,SHCHEGLOV,KUNMING,Male,SHANGHAI,2017-10-11,9:15:00,MU9451,4256639042805670,Y,26,AQAORH
204,NIKITA,SHCHEGLOV,SHANGHAI,Male,KUNMING,2017-10-28,19:00:00,MU5812,5897476680207500,Y,17,CGRFJS
151,LEV,SHEVELEV,SYKTYVKAR,Male,SAINT PETERSBURG,2017-02-01,4:35:00,SU6588,114078386778025,Y,28,JXUYNW
191,MILANA,SHEVELEVA,SIMFEROPOL,Female,MOSCOW,2017-04-30,12:15:00,SU1621,8144747283706480,Y,87,LRPTLL
168,MADINA,SHIRYAEVA,ZHENGZHOU,Female,XINZHOU,2017-09-22,14:50:00,CZ6625,2669364900304340,Y,29,OQQOHE
216,OLEG,SHISHKIN,BEIJING,Male,SHANGHAI,2017-07-30,20:40:00,MU9106,7434452083458880,Y,45,REQGQF
337,VIKTORIIA,SHISHKINA,SOCHI,Female,SAINT PETERSBURG,2017-07-13,12:30:00,SU6564,3518716455693490,Y,11,YZCHQT
194,MIROSLAVA,SHMELEVA,CHELYABINSK,Female,MOSCOW,2017-01-14,12:50:00,SU1421,2446979292787300,A,16,CURMSH
109,EVA,SHMELEVA,YUZHNO,Female,SEOUL,2017-02-12,10:35:00,KE5988,8630202781949150,Y,85,VQQYDF
309,TIMUR,SHUBIN,BIARRITZ,Male,PARIS,2017-09-25,12:00:00,AF7655,2275323123030960,Y,98,OAMMWH
323,VASILIY,SHULGIN,MILAN,Male,ROME,2017-05-29,7:00:00,AZ2013,1414214061675660,J,47,FQXNHM
173,MARIIA,SHULGINA,ARKHANGELSK,Female,MOSCOW,2017-01-04,21:10:00,SU1337,3401758738858420,Y,14,JZRZYD
171,MARAT,SIMONOV,KUALA LUMPUR,Male,GUANGZHOU,2017-11-17,8:50:00,CZ366,6581083539735110,Y,86,BBKFEX
211,ODISSEI,SIMONOV,SAMARA,Male,MOSCOW,2017-10-01,6:05:00,SU1217,9278787053628680,P,60,MYABYI
288,STEPAN,SINITSYN,KUNMING,Male,NANJING,2017-12-15,19:40:00,MU2758,6908740142301440,A,23,YPAMAF
269,SERGEI,SINITSYN,POINTE A PITRE,Male,SAN JUAN,2017-07-18,15:00:00,AF4561,8600348893172900,Y,19,PRCARZ
26,AMELIIA,SKVORTSOVA,SURGUT,Female,MOSCOW,2017-07-11,7:05:00,SU1513,234600726035494,A,19,KAOULF
96,EKATERINA,SMIRNOVA,MOSCOW,Female,WARSAW,2017-01-23,17:50:00,SU2002,5781956657370610,Y,28,DDBHJI
270,SERGEY,SOBOLEV,TOMSK,Male,MOSCOW,2017-03-16,10:40:00,SU1537,9248809439445640,Y,22,YATIXY
88,DMITRIY,SOBOLEV,TIMISOARA,Male,BUCHAREST,2017-08-15,11:45:00,RO606,9475492582951760,Y,74,VJHOLA
353,XENIIA,SOBOLEVA,MINNEAPOLIS/ST PAUL MN,Female,CALGARY,2017-08-19,11:25:00,DL2347,9309637994892050,Y,48,ITGAVM
308,TIMUR,SOFRONOV,CHANGSHA,Male,TAIPEI,2017-07-28,13:10:00,CI8278,3039213231663140,Y,81,TEXSGD
108,ESENIIA,SOFRONOVA,MOSCOW,Female,SAINT PETERSBURG,2017-01-19,20:05:00,SU32,3550543499087410,Y,75,AIJJHC
279,STANISLAV,SOMOV,MILAN,Male,AMSTERDAM,2017-06-07,11:20:00,KL1620,5514776960578790,Y,78,OMFCMY
70,DARINA,SOMOVA,CHICAGO IL,Female,ATLANTA GA,2017-05-31,11:05:00,DL972,1230287732907770,Y,65,UZJJVE
92,EGOR,SPIRIDONOV,PRAGUE,Male,NICE,2017-04-25,10:15:00,OK744,470178697371008,Y,30,ODIXFD
50,ARSEN,SPIRIDONOV,HONG KONG,Male,WUYISHAN,2017-12-07,18:25:00,MF8008,8341755097926280,A,1,QPOMZL
169,MAIIA,STAROSTINA,ROME,Female,MADRID,2017-02-19,14:05:00,UX3118,4793439482999200,Y,7,YMBHES
320,VASILINA,STOLYAROVA,ATLANTA GA,Female,SPRINGFIELD MO,2017-12-29,8:56:00,DL5122,9348991590400310,Y,71,SVFYXR
364,ZARINA,SUBBOTINA,KUNMING,Female,ZHUHAI,2017-07-14,21:20:00,CZ3748,2540909838172480,Y,14,XBBYTK
75,DAVID,SURKOV,SIMFEROPOL,Male,MOSCOW,2017-02-25,15:40:00,SU6176,775146360409345,Y,33,BSCTCH
232,POLINA,SURKOVA,SHANGHAI,Female,SEOUL,2017-09-16,13:00:00,CZ4511,3954725439150060,J,74,GSYHCA
196,NATALIIA,SUVOROVA,TAIPEI,Female,SAPPORO,2017-10-03,7:20:00,CI2130,8353437936275450,P,65,YBOGAE
244,RODION,SVIRIDOV,TOKYO,Male,GUANGZHOU,2017-07-12,15:05:00,MF9248,6572305304249170,Y,40,FSPPKW
28,AMELIIA,SVIRIDOVA,SAINT PETERSBURG,Female,PARIS,2017-03-31,10:05:00,SU6635,9393083709071150,Y,51,ZNNTKQ
228,POKROVSKIY,SVYATOSLAV,VOLGOGRAD,Male,MOSCOW,2017-11-15,3:10:00,SU1181,8787894394045620,Y,60,VHTLXO
121,GERMAN,SYCHEV,POINTE A PITRE,Male,SAINT LUCIA,2017-11-27,15:30:00,AF4587,4403940575962510,Y,35,YGANQR
318,VARVARA,TARASOVA,SEOUL,Female,SEATTLE WA,2017-02-17,15:50:00,DL9010,2821477053385660,Y,85,JBZVBH
192,MILANA,TARASOVA,TIANJIN,Female,HAIKOU,2017-09-27,7:45:00,MF8303,8655124328489640,J,55,ETEZSP
162,LILIIA,TIKHOMIROVA,MOSCOW,Female,VILNIUS,2017-10-05,20:45:00,SU2108,106831197051405,Y,28,CSMENC
60,DANIEL,TIKHONOV,MOSCOW,Male,DUBAI,2017-02-21,7:50:00,SU520,7175999663951060,Y,38,CYUVIV
177,MARIIA,TITOVA,PARIS,Female,CHENNAI,2017-11-11,10:10:00,AF6792,9378462610254180,Y,86,CEJSLA
14,ALEKSANDRA,TITOVA,KO SAMUI,Female,BANGKOK,2017-12-25,13:55:00,CI9846,9938611560200280,Y,27,DSQSJC
339,VIOLETTA,TOKAREVA,MOSCOW,Female,BUDAPEST,2017-02-05,20:10:00,SU2468,2889305906766770,Y,70,EWVRHY
12,ALEKSANDRA,TOLKACHEVA,XIAN,Female,NINGBO,2017-03-08,21:35:00,MU2394,5365575878423490,J,59,WBVOXN
325,VASILIY,TRETYAKOV,BAMAKO,Male,DAKAR,2017-12-01,13:20:00,KQ512,5476705517609900,Y,50,GXLIOM
145,KRISTINA,TROFIMOVA,TENERIFE,Female,GRAN CANARIA,2017-10-19,11:00:00,UX9402,6928263703009000,A,99,MUIHLL
80,DEMID,TROITSKIY,SAMARA,Male,MOSCOW,2017-04-19,12:35:00,SU1211,5224032092911770,Y,9,ZRAJQG
203,NIKITA,TROSHIN,URUMQI,Male,XINING,2017-06-28,8:10:00,CZ6951,2516483957665940,Y,95,NZIBED
143,KIRILL,TROSHIN,MOSCOW,Male,TEL AVIV,2017-01-21,0:30:00,SU500,9782887112979060,Y,45,LWHLWT
321,VASILISA,TROSHINA,HO CHI MINH CITY,Female,SEOUL,2017-06-19,11:05:00,KE5677,3864356224630830,Y,94,MSHRSI
328,VERA,TUMANOVA,LOS ANGELES CA,Female,ATLANTA GA,2017-08-05,7:45:00,DL1403,2955339300458770,Y,14,XCYZGP
132,INNA,TUMANOVA,MILAN,Female,ROME,2017-04-20,11:10:00,AZ1019,6326776654403580,Y,59,QHGAXS
106,EMIL,ULYANOV,YUZHNO,Male,SEOUL,2017-01-25,10:35:00,SU5496,6093041817092740,Y,47,UKHCRP
47,ANZHELIKA,USOVA,LOS ANGELES CA,Female,LAS VEGAS NV,2017-11-21,15:00:00,DL665,9784116505931330,Y,33,UZJZDJ
277,SOFIIA,UVAROVA,HANOI,Female,SEOUL,2017-05-30,12:15:00,VN3412,2692640276869220,Y,63,BCTKAC
275,SOFIIA,UVAROVA,MOSCOW,Female,ULAANBAATAR,2017-12-20,19:05:00,SU330,7027473079778140,Y,56,KNESSN
234,RADMIR,VINOKUROV,TAIYUAN,Male,BEIJING,2017-10-17,11:00:00,MU5293,992186388790207,Y,36,AOHEJW
342,VITALINA,VINOKUROVA,NANTES,Female,PARIS,2017-09-18,6:00:00,KL2309,9099288050709250,Y,94,MNDUZK
343,VITALIY,VLADIMIROV,YANTAI,Male,WENZHOU,2017-04-04,17:50:00,MU9470,55940912684668,Y,20,CILFAL
352,VSEVOLOD,VOLKOV,NANNING,Male,XIAN,2017-10-07,15:10:00,CZ3275,9591953465804540,Y,64,FZVRLN
298,TAISIIA,VOLKOVA,BALTIMORE MD,Female,DETROIT MI,2017-11-05,5:45:00,DL1937,481697275905100,Y,19,CEBQTP
165,LYUDMILA,VOLOSHINA,LANZHOU,Female,URUMQI,2017-10-04,22:10:00,CZ6968,921677746046415,Y,71,ERROBA
11,ALBINA,VOLOSHINA,NICE,Female,PARIS,2017-11-22,17:40:00,AF6223,3397291296531690,Y,71,ASPVHL
347,VLADA,VOLOSHINA,VLADIVOSTOK,Female,HONG KONG,2017-06-23,17:30:00,SU5474,4036445790892980,Y,92,TXMXNA
306,TIMOFEY,VOROBEV,CATANIA,Male,ROME,2017-09-23,21:50:00,AZ1735,7933126370382670,Y,26,LFULIT
304,TIMOFEY,VOROBEV,MOSCOW,Male,VIENNA,2017-04-18,9:50:00,SU2184,8592020527937090,Y,6,GXIZVF
147,KSENIIA,VORONINA,SEOUL,Female,GUAM,2017-06-26,6:30:00,KE5777,8924890806566120,Y,11,LAXBKC
348,VLADIMIR,VORONOV,CHICAGO IL,Male,DETROIT MI,2017-10-06,10:55:00,DL3637,1941816054601670,Y,28,WAXJWX
293,SVIATOSLAV,VORONOV,NICE,Male,NANTES,2017-10-10,10:00:00,AF7031,2658543048986850,Y,86,SKERUG
268,SEMEN,YASHIN,MOSCOW,Male,GENEVA,2017-02-07,8:50:00,CZ7209,9611345568070690,A,83,BFYKOR
226,PLATON,ZHAROV,MOSCOW,Male,VOLGOGRAD,2017-03-18,22:10:00,SU1180,5274206497242740,J,21,NSJNGQ
52,ARTUR,ZHAROV,MOSCOW,Male,SAMARA,2017-02-27,0:15:00,SU1206,6102896909401080,Y,24,QJLETK
157,LIDIIA,ZHDANOVA,VLADIVOSTOK,Female,SEOUL,2017-01-01,11:25:00,SU5436,7100246988860480,Y,32,DYELAO
113,EVELINA,ZIMINA,BOSTON MA,Female,NEW YORK NY,2017-11-01,12:00:00,DL2783,7185845897756610,J,47,HIZELD
68,DANIL,ZUBOV,ATLANTA GA,Male,CHATTANOOGA TN,2017-12-04,14:09:00,DL5127,7646672078498010,Y,67,YJADYK
42,ANTON,ZUEV,SHANGHAI,Male,SHENZHEN,2017-09-09,20:25:00,MU5361,6964101325081260,J,76,GHMYPI
19,ALISA,ZVEREVA,CHANGSHA,Female,GUANGZHOU,2017-12-03,21:10:00,CZ6178,9939216591018350,Y,1,QZMDTU
190,MILANA,ZVIAGINTCEVA,SHANGHAI,Female,PHNOM PENH,2017-04-03,18:50:00,MU759,8800359283784970,Y,98,BTKWSI
49,ARSEN,ZVIAGINTSEV,KUNMING,Male,SHANGHAI,2017-08-09,9:00:00,MU5803,5623923288439290,Y,90,YYBXNZ
48,ARSEN,ZVIAGINTSEV,SHANGHAI,Male,KUNMING,2017-07-31,7:35:00,MU5437,9353892164786180,Y,61,TABMBI
