Column1,Column3,Column2,Column4
1,Denmark,Aalborg,AAL
2,Norway,Aalesund,AES
3,Denmark,Aarhus,AAR
4,Nigeria,Abuja,ABV
5,Mexico,Acapulco,ACA
6,Ghana,Accra,ACC
7,Australia,Adelaide,ADL
8,Morocco,Agadir,AGA
9,Mexico,Aguascalientes,AGU
10,India,Ahmedabad,AMD
11,France,Ajaccio,AJA
12,Japan,Akita,AXT
13,China,Aksu,AKU
14,Kazakhstan,Aktau,SCO
15,Kazakhstan,Aktobe,AKX
16,Egypt,Alexandria,HBE
17,Italy,Alghero,AHO
18,Algeria,Algiers,ALG
19,Kazakhstan,Almaty,ALA
20,China,Altay,AAT
21,Indonesia,Ambon,AMQ
22,Jordan,Amman,AMM
23,Netherlands,Amsterdam,AMS
24,Turkey,Ankara,ESB
25,China,Anqing,AQG
26,China,Anshan,AOG
27,Turkey,Antalya,AYT
28,Madagascar,Antananarivo,TNR
29,Belgium,Antwerp,ZWE
30,Japan,Aomori,AOJ
31,Brazil,Aracaju,AJU
32,Peru,Arequipa,AQP
33,Aruba,Aruba,AUA
34,Sweden,Arvidsjaur,AJR
35,Turkmenistan,Ashgabat,ASB
36,Kazakhstan,Astana,TSE
37,Paraguay,Asuncion,ASU
38,Greece,Athens,ATH
39,Kazakhstan,Atyrau,GUW
40,Iraq,Baghdad,BGW
41,Bahrain,Bahrain,BAH
42,China,Baise,AEB
43,China,Baishan,NBS
44,Azerbaijan,Baku,GYD
45,Indonesia,Balikpapan,BPN
46,Australia,Ballina,BNK
47,Mali,Bamako,BKO
48,Indonesia,Bandung,BDO
49,Thailand,Bangkok,BKK
50,Indonesia,Banjarmasin,BDJ
51,Indonesia,Banyuwangi,BWX
52,China,Baoshan,BSD
53,China,Baotou,BAV
54,Italy,Bari,BRI
55,Iraq,Basrah,BSR
56,France,Bastia,BIA
57,Indonesia,Batam,BTH
58,Indonesia,Baubau,BUW
59,China,Beihai,BHY
60,China,Beijing,PEK
61,Lebanon,Beirut,BEY
62,Brazil,Belem,BEL
63,Serbia,Belgrade,BEG
64,India,Bengaluru,BLR
65,Indonesia,Bengkulu,BKS
66,Norway,Bergen,BGO
67,Germany,Berlin,SXF
68,Germany,Berlin,TXL
69,Bermuda,Bermuda,BDA
70,Indonesia,Biak,BIK
71,France,Biarritz,BIQ
72,China,Bijie,BFJ
73,Denmark,Billund,BLL
74,Indonesia,Bima,BMU
75,Kyrgyzstan,Bishkek,FRU
76,Malawi,Blantyre,BLZ
77,Colombia,Bogota,BOG
78,China,Bole,BPL
79,Italy,Bologna,BLQ
80,Bonaire,Bonaire,BON
81,France,Bordeaux,BOD
82,Germany,Bremen,BRE
83,Belgium,Brussels,BRU
84,Romania,Bucharest,OTP
85,Hungary,Budapest,BUD
86,Egypt,Cairo,CAI
87,Canada,Calgary,YYC
88,Mexico,Cancun,CUN
89,Colombia,Cartagena,CTG
90,Italy,Catania,CTA
91,China,Changchun,CGQ
92,China,Changde,CGD
93,China,Changsha,CSX
94,China,Changzhou,CZX
95,China,Chengdu,CTU
96,China,Chongqing,CKG
97,Denmark,Copenhagen,CPH
98,Argentina,Cordoba,COR
99,Mexico,Cozumel,CZM
100,Curacao,Curacao,CUR
101,Senegal,Dakar,DSS
102,China,Dali,DLU
103,China,Dalian,DLC
104,China,Daqing,DQA
105,India,Delhi,DEL
106,Indonesia,Denpasar,DPS
107,Bangladesh,Dhaka,DAC
108,Djibouti,Djibouti,JIB
109,Qatar,Doha,DOH
110,China,Dongying,DOY
111,Germany,Dresden,DRS
112,Ireland,Dublin,DUB
113,Germany,Duesseldorf,DUS
114,Canada,Edmonton,YEG
115,China,Enshi,ENH
116,Uganda,Entebbe,EBB
117,Iraq,Erbil,EBL
118,Portugal,Faro,FAO
119,Italy,Florence,FLR
120,Brazil,Fortaleza,FOR
121,Germany,Frankfurt,FRA
122,Japan,Fukuoka,FUK
123,China,Fuzhou,FOC
124,China,Ganzhou,KOW
125,Poland,Gdansk,GDN
126,Switzerland,Geneva,GVA
127,Italy,Genoa,GOA
128,Sweden,Goteborg,GOT
129,Austria,Graz,GRZ
130,Mexico,Guadalajara,GDL
131,China,Guangzhou,CAN
132,China,Guilin,KWL
133,China,Guiyang,KWE
134,China,Haikou,HAK
135,Germany,Hamburg,HAM
136,China,Hangzhou,HGH
137,Germany,Hannover,HAJ
138,Vietnam,Hanoi,HAN
139,China,Harbin,HRB
140,Cuba,Havana,HAV
141,China,Hefei,HFE
142,China,Heihe,HEK
143,Finland,Helsinki,HEL
144,China,Hotan,HTN
145,Turkey,Istanbul,IST
146,Indonesia,Jakarta,CGK
147,Indonesia,Jayapura,DJJ
148,China,Jiagedaqi,JGD
149,China,Jiayuguan,JGN
150,China,Jinghong,JHG
151,China,Jining,JNG
152,Taiwan,Kaohsiung,KHH
153,China,Kashi,KHG
154,Indonesia,Kendari,KDI
155,Ukraine,Kiev,KBP
156,Rwanda,Kigali,KGL
157,Jamaica,Kingston,KIN
158,China,Korla,KRL
159,Poland,Krakow,KRK
160,Norway,Kristiansand,KRS
161,China,Kunming,KMG
162,Kuwait,Kuwait,KWI
163,Nigeria,Lagos,LOS
164,Pakistan,Lahore,LHE
165,Indonesia,Langgur,LUV
166,China,Lanzhou,LHW
167,Cyprus,Larnaca,LCA
168,China,Lianyungang,LYG
169,Peru,Lima,LIM
170,Sweden,Linkoping,LPI
171,China,Linyi,LYI
172,Portugal,Lisbon,LIS
173,China,Luliang,LLV
174,China,Luoyang,LYA
175,Luxembourg,Luxembourg,LUX
176,France,Lyon,LYS
177,Indonesia,Makassar,UPG
178,Nicaragua,Managua,MGA
179,China,Mangshi,LUM
180,Indonesia,Manokwari,MKW
181,France,Marseille,MRS
182,Mauritius,Mauritius,MRU
183,Australia,Melbourne,MEL
184,Mexico,Merida,MID
185,Italy,Milan,LIN
186,Italy,Milan,MXP
187,China,Mohe,OHE
188,Liberia,Monrovia,ROB
189,Mexico,Monterrey,MTY
190,France,Montpellier,MPL
191,Canada,Montreal,YUL
192,India,Mumbai,BOM
193,Germany,Munich,MUC
194,Oman,Muscat,MCT
195,Indonesia,Nabire,NBX
196,Japan,Nagoya,NGO
197,Kenya,Nairobi,NBO
198,China,Nanchang,KHN
199,China,Nanchong,NAO
200,China,Nanjing,NKG
201,China,Nanning,NNG
202,Bahamas,Nassau,NAS
203,Argentina,Neuquen,NQN
204,France,Nice,NCE
205,China,Ningbo,NGB
206,Germany,Nuremberg,NUE
207,Japan,Osaka,KIX
208,Norway,Oslo,TRF
209,Norway,Oslo,OSL
210,Canada,Ottawa,YOW
211,Indonesia,Palangkaraya,PKY
212,Indonesia,Palembang,PLM
213,Suriname,Paramaribo,PBM
214,France,Paris,ORY
215,France,Paris,CDG
216,Thailand,Phuket,HKT
217,Indonesia,Pontianak,PNK
218,Haiti,Port,PAP
219,Portugal,Porto,OPO
220,Indonesia,Praya,LOP
221,China,Qianjiang,JIQ
222,China,Qingdao,TAO
223,China,Quanzhou,JJN
224,Mexico,Queretaro,QRO
225,Ecuador,Quito,UIO
226,Honduras,Roatan,RTB
227,Italy,Rome,FCO
228,Chile,Santiago,SCL
229,China,Sanya,SYX
230,Indonesia,Saumlaki,SXK
231,China,Shanghai,PVG
232,China,Shanghai,SHA
233,China,Shantou,SWA
234,China,Shenyang,SHE
235,China,Shenzhen,SZX
236,China,Simao,SYM
237,Singapore,Singapore,SIN
238,Indonesia,Sorong,SOQ
239,Norway,Stavanger,SVG
240,Sweden,Stockholm,ARN
241,Germany,Stuttgart,STR
242,Indonesia,Surabaya,SUB
243,Australia,Sydney,SYD
244,Taiwan,Taipei,TPE
245,China,Taiyuan,TYN
246,Indonesia,Tarakan,TRK
247,Honduras,Tegucigalpa,TGU
248,China,Tengchong,TCZ
249,Indonesia,Ternate,TTE
250,Japan,Tokyo,NRT
251,Japan,Tokyo,HND
252,China,Tongren,TEN
253,Canada,Toronto,YYZ
254,France,Toulouse,TLS
255,Argentina,Trelew,REL
256,Italy,Trieste,TRS
257,Norway,Trondheim,TRD
258,Italy,Turin,TRN
259,China,Urumqi,URC
260,Argentina,Ushuaia,USH
261,Canada,Vancouver,YVR
262,Sweden,Vaxjo,VXO
263,Italy,Venice,VCE
264,Canada,Victoria,YYJ
265,Austria,Vienna,VIE
266,Poland,Warsaw,WAW
267,China,Wenzhou,WNZ
268,China,Wuhan,WUH
269,China,Wuxi,WUX
270,China,Wuyishan,WUS
271,China,Xiamen,XMN
272,China,Xian,XIY
273,China,Xining,XNN
274,China,Yanji,YNJ
275,China,Yantai,YNT
276,Armenia,Yerevan,EVN
277,China,Yichun,LDS
278,China,Yinchuan,INC
279,China,Yining,YIN
280,China,Yiwu,YIW
281,Indonesia,Yogyakarta,JOG
282,Croatia,Zagreb,ZAG
283,China,Zhangjiajie,DYG
284,China,Zhangye,YZY
285,China,Zhanjiang,ZHA
286,China,Zhaotong,ZAT
287,China,Zhengzhou,CGO
288,China,Zhoushan,HSN
289,China,Zhuhai,ZUH
290,China,Zunyi,ZYI
291,Switzerland,Zurich,ZRH
